Workbook

Sheet Resultado da inspeção
B1: PLANILHA DE INSPEÇÃO PAINÉIS ELÉTRICOS - CLIENTE - CIDADE - ESTADO
V2: Sim | W2: < | Y2: NOK
V3: Não | W3: = | Y3: OK
W4: 
B5: ITEM | C5: PAINEL | D5: ÁREA | E5: SUB-ÁREA | F5: Painel com nomenclatura? (possui nome?) | G5: Possui sinalização de Perigo? (ex.: Perigo 380V) | H5: Sinalização restrição acesso (Somente pessoal autorizado) | I5: Possui sistema de bloqueio? (porta cadeado ou outro?) | J5: Aterramento? (carcaça e porta)? | K5: Possui diagrama unifilar? | L5: Partes vivas protegidas? (barramentos e conexões expostos?) | M5: Existe DR? (Se aplicável) | N5: DR é compatível? (corrente maior igual que disjuntor e sensibilidade 30mA)? | O5: Painel possui um disjuntor geral ? | P5: Ciruiros estão identificados? | Q5: Painel limpo e organizado? | R5: Iluminação interna existe e está operando? | S5: Ventilação forçada existe e está operando (ou em boas condições)? | T5: Ranking NR-10 | U5: Outras não conformidades
B6: 1 | T6: =Ranking!AU6 -> 1
B7: 2 | T7: =Ranking!AU7 -> 1
B8: 3 | T8: =Ranking!AU8 -> 1 | V8: =IF(H8=$Y$2,#REF!,#REF!) -> #REF! | Y8: Horas
B9: 4 | T9: =Ranking!AU9 -> 1
B10: 5 | T10: =Ranking!AU10 -> 1
B11: 6 | T11: =Ranking!AU11 -> 1
B12: 7 | T12: =Ranking!AU12 -> 1
B13: 8 | T13: =Ranking!AU13 -> 1
B14: 9 | T14: =Ranking!AU14 -> 1
B15: 10 | T15: =Ranking!AU15 -> 1
B16: 11 | T16: =Ranking!AU16 -> 1
B17: 12 | T17: =Ranking!AU17 -> 1
B18: 13 | T18: =Ranking!AU18 -> 1
B19: 14 | T19: =Ranking!AU19 -> 1
B20: 15 | T20: =Ranking!AU20 -> 1
... B243: 238 | T243: =Ranking!AU243 -> 1
B244: 239 | F244: = | G244: = | H244: = | I244: = | J244: = | K244: < | L244:  | M244:  | N244:  | T244: =Ranking!AU244 -> 0.41791045
B245: 240 | F245: = | G245: < | H245: < | I245: < | J245: = | K245: = | L245:  | M245:  | N245:  | T245: =Ranking!AU245 -> 0.58208955
B246: 241 | F246: = | G246: < | H246: < | I246: < | J246: < | K246: = | L246:  | M246:  | N246:  | T246: =Ranking!AU246 -> 0.89552239
B247: 242 | F247: = | G247: < | H247: < | I247: < | J247: < | K247: = | L247:  | M247:  | N247:  | T247: =Ranking!AU247 -> 0.89552239
B248: 243 | F248: = | G248: < | H248: < | I248: < | J248: < | K248: = | L248:  | M248: < | N248: < | T248: =Ranking!AU248 -> 0.90789474
B249: 244 | F249: = | G249: < | H249: < | I249: < | J249: < | K249: = | L249:  | M249: < | N249: < | T249: =Ranking!AU249 -> 0.90789474
B250: 245 | F250: = | G250: < | H250: < | I250: < | J250: < | K250: = | L250:  | M250: < | N250: < | T250: =Ranking!AU250 -> 0.90789474
B251: 246 | F251: < | G251: < | H251: < | I251: = | J251: < | K251: < | L251: < | M251:  | N251:  | T251: =Ranking!AU251 -> 0.89010989
B252: 247 | F252: < | G252: < | H252: < | I252: < | J252: < | K252: < | L252:  | M252: < | N252: < | T252: =Ranking!AU252 -> 1
B253: 248 | F253: < | G253: < | H253: < | I253: < | J253: < | K253: < | L253:  | M253: < | N253: < | T253: =Ranking!AU253 -> 1
B254: 249 | F254: < | G254: < | H254: < | I254: < | J254: < | K254: < | L254:  | M254: < | N254: < | T254: =Ranking!AU254 -> 1
B255: 250 | F255: < | G255: < | H255: < | I255: < | J255: < | K255: < | L255:  | M255: < | N255: < | T255: =Ranking!AU255 -> 1
... B345: 340 | F345: = | G345: < | H345: < | I345: < | J345: < | K345: < | L345:  | M345: < | N345: = | T345: =Ranking!AU345 -> 0.92105263
T346: =Ranking!AU346 -> 1
T347: =Ranking!AU347 -> 1
T348: =Ranking!AU348 -> 1

Sheet Ranking
B4: Painel com nomenclatura | C4: Sinalização de Perigo | D4: Sinalização restrição acesso | E4: Sistema de bloqueio | F4: Aterramento | G4: Diagrama unifilar | H4: Partes vivas protegidas | I4: Existe DR | J4: DR compatível | K4: Possui disjuntor Geral | L4: Identificação Circuitos | M4: Limpeza e organização interna | N4: Iluminação interna funciona | O4: Ventilação forçada funciona | R4: Painel com nomenclatura | S4: Sinalização de Perigo | T4: Sinalização restrição acesso | U4: Sistema de bloqueio | V4: Aterramento | W4: Diagrama unifilar | X4: Partes vivas protegidas | Y4: Existe DR | Z4: DR compatível | AA4: Possui disjuntor Geral | AB4: Identificação Circuitos | AC4: Limpeza e organização interna | AD4: Iluminação interna funciona | AE4: Ventilação forçada funciona | AG4: Painel com nomenclatura | AH4: Sinalização de Perigo | AI4: Sinalização restrição acesso | AJ4: Sistema de bloqueio | AK4: Aterramento | AL4: Diagrama unifilar | AM4: Partes vivas protegidas | AN4: Existe DR | AO4: DR compatível | AP4: Possui disjuntor Geral | AQ4: Identificação Circuitos | AR4: Limpeza e organização interna | AS4: Iluminação interna funciona | AT4: Ventilação forçada funciona
A5: Peso | B5: 0.02 | C5: 0.03 | D5: 0.03 | E5: 0.1 | F5: 0.21 | G5: 0.05 | H5: 0.24 | I5: 0.05 | J5: 0.04 | K5: 0.06 | L5: 0.08 | M5: 0.05 | N5: 0.02 | O5: 0.02 | P5: =SUM(B5:O5) -> 1
B6: =IF('Resultado da inspeção'!F6='Resultado da inspeção'!$W$4,0%,Ranking!B$5) -> 0.02 | C6: =IF('Resultado da inspeção'!G6='Resultado da inspeção'!$W$4,0%,Ranking!C$5) -> 0.03 | D6: =IF('Resultado da inspeção'!H6='Resultado da inspeção'!$W$4,0%,Ranking!D$5) -> 0.03 | E6: =IF('Resultado da inspeção'!I6='Resultado da inspeção'!$W$4,0%,Ranking!E$5) -> 0.1 | F6: =IF('Resultado da inspeção'!J6='Resultado da inspeção'!$W$4,0%,Ranking!F$5) -> 0.21 | G6: =IF('Resultado da inspeção'!K6='Resultado da inspeção'!$W$4,0%,Ranking!G$5) -> 0.05 | H6: =IF('Resultado da inspeção'!L6='Resultado da inspeção'!$W$4,0%,Ranking!H$5) -> 0.24 | I6: =IF('Resultado da inspeção'!M6='Resultado da inspeção'!$W$4,0%,Ranking!I$5) -> 0.05 | ... O6: =IF('Resultado da inspeção'!S6='Resultado da inspeção'!$W$4,0%,Ranking!O$5) -> 0.02 | P6: =SUM(B6:O6) -> 1 | Q6: =100%-P6 -> 0 | R6: =B6/$P6 -> 0.02 | S6: =C6/$P6 -> 0.03 | T6: =D6/$P6 -> 0.03 | U6: =E6/$P6 -> 0.1 | V6: =F6/$P6 -> 0.21 | W6: =G6/$P6 -> 0.05 | X6: =H6/$P6 -> 0.24 | Y6: =I6/$P6 -> 0.05 | ... AE6: =O6/$P6 -> 0.02 | AF6: =SUM(R6:AE6) -> 1 | AG6: =IF('Resultado da inspeção'!F6='Resultado da inspeção'!$W$3,0%,Ranking!R6) -> 0.02 | AH6: =IF('Resultado da inspeção'!G6='Resultado da inspeção'!$W$3,0%,Ranking!S6) -> 0.03 | AI6: =IF('Resultado da inspeção'!H6='Resultado da inspeção'!$W$3,0%,Ranking!T6) -> 0.03 | AJ6: =IF('Resultado da inspeção'!I6='Resultado da inspeção'!$W$3,0%,Ranking!U6) -> 0.1 | AK6: =IF('Resultado da inspeção'!J6='Resultado da inspeção'!$W$3,0%,Ranking!V6) -> 0.21 | AL6: =IF('Resultado da inspeção'!K6='Resultado da inspeção'!$W$3,0%,Ranking!W6) -> 0.05 | AM6: =IF('Resultado da inspeção'!L6='Resultado da inspeção'!$W$3,0%,Ranking!X6) -> 0.24 | AN6: =IF('Resultado da inspeção'!M6='Resultado da inspeção'!$W$3,0%,Ranking!Y6) -> 0.05 | ... AT6: =IF('Resultado da inspeção'!S6='Resultado da inspeção'!$W$3,0%,Ranking!AE6) -> 0.02 | AU6: =SUM(AG6:AT6) -> 1
B7: =IF('Resultado da inspeção'!F7='Resultado da inspeção'!$W$4,0%,Ranking!B$5) -> 0.02 | C7: =IF('Resultado da inspeção'!G7='Resultado da inspeção'!$W$4,0%,Ranking!C$5) -> 0.03 | D7: =IF('Resultado da inspeção'!H7='Resultado da inspeção'!$W$4,0%,Ranking!D$5) -> 0.03 | E7: =IF('Resultado da inspeção'!I7='Resultado da inspeção'!$W$4,0%,Ranking!E$5) -> 0.1 | F7: =IF('Resultado da inspeção'!J7='Resultado da inspeção'!$W$4,0%,Ranking!F$5) -> 0.21 | G7: =IF('Resultado da inspeção'!K7='Resultado da inspeção'!$W$4,0%,Ranking!G$5) -> 0.05 | H7: =IF('Resultado da inspeção'!L7='Resultado da inspeção'!$W$4,0%,Ranking!H$5) -> 0.24 | I7: =IF('Resultado da inspeção'!M7='Resultado da inspeção'!$W$4,0%,Ranking!I$5) -> 0.05 | ... O7: =IF('Resultado da inspeção'!S7='Resultado da inspeção'!$W$4,0%,Ranking!O$5) -> 0.02 | P7: =SUM(B7:O7) -> 1 | Q7: =100%-P7 -> 0 | R7: =B7/$P7 -> 0.02 | S7: =C7/$P7 -> 0.03 | T7: =D7/$P7 -> 0.03 | U7: =E7/$P7 -> 0.1 | V7: =F7/$P7 -> 0.21 | W7: =G7/$P7 -> 0.05 | X7: =H7/$P7 -> 0.24 | Y7: =I7/$P7 -> 0.05 | ... AE7: =O7/$P7 -> 0.02 | AF7: =SUM(R7:AE7) -> 1 | AG7: =IF('Resultado da inspeção'!F7='Resultado da inspeção'!$W$3,0%,Ranking!R7) -> 0.02 | AH7: =IF('Resultado da inspeção'!G7='Resultado da inspeção'!$W$3,0%,Ranking!S7) -> 0.03 | AI7: =IF('Resultado da inspeção'!H7='Resultado da inspeção'!$W$3,0%,Ranking!T7) -> 0.03 | AJ7: =IF('Resultado da inspeção'!I7='Resultado da inspeção'!$W$3,0%,Ranking!U7) -> 0.1 | AK7: =IF('Resultado da inspeção'!J7='Resultado da inspeção'!$W$3,0%,Ranking!V7) -> 0.21 | AL7: =IF('Resultado da inspeção'!K7='Resultado da inspeção'!$W$3,0%,Ranking!W7) -> 0.05 | AM7: =IF('Resultado da inspeção'!L7='Resultado da inspeção'!$W$3,0%,Ranking!X7) -> 0.24 | AN7: =IF('Resultado da inspeção'!M7='Resultado da inspeção'!$W$3,0%,Ranking!Y7) -> 0.05 | ... AT7: =IF('Resultado da inspeção'!S7='Resultado da inspeção'!$W$3,0%,Ranking!AE7) -> 0.02 | AU7: =SUM(AG7:AT7) -> 1
B8: =IF('Resultado da inspeção'!F8='Resultado da inspeção'!$W$4,0%,Ranking!B$5) -> 0.02 | C8: =IF('Resultado da inspeção'!G8='Resultado da inspeção'!$W$4,0%,Ranking!C$5) -> 0.03 | D8: =IF('Resultado da inspeção'!H8='Resultado da inspeção'!$W$4,0%,Ranking!D$5) -> 0.03 | E8: =IF('Resultado da inspeção'!I8='Resultado da inspeção'!$W$4,0%,Ranking!E$5) -> 0.1 | F8: =IF('Resultado da inspeção'!J8='Resultado da inspeção'!$W$4,0%,Ranking!F$5) -> 0.21 | G8: =IF('Resultado da inspeção'!K8='Resultado da inspeção'!$W$4,0%,Ranking!G$5) -> 0.05 | H8: =IF('Resultado da inspeção'!L8='Resultado da inspeção'!$W$4,0%,Ranking!H$5) -> 0.24 | I8: =IF('Resultado da inspeção'!M8='Resultado da inspeção'!$W$4,0%,Ranking!I$5) -> 0.05 | ... O8: =IF('Resultado da inspeção'!S8='Resultado da inspeção'!$W$4,0%,Ranking!O$5) -> 0.02 | P8: =SUM(B8:O8) -> 1 | Q8: =100%-P8 -> 0 | R8: =B8/$P8 -> 0.02 | S8: =C8/$P8 -> 0.03 | T8: =D8/$P8 -> 0.03 | U8: =E8/$P8 -> 0.1 | V8: =F8/$P8 -> 0.21 | W8: =G8/$P8 -> 0.05 | X8: =H8/$P8 -> 0.24 | Y8: =I8/$P8 -> 0.05 | ... AE8: =O8/$P8 -> 0.02 | AF8: =SUM(R8:AE8) -> 1 | AG8: =IF('Resultado da inspeção'!F8='Resultado da inspeção'!$W$3,0%,Ranking!R8) -> 0.02 | AH8: =IF('Resultado da inspeção'!G8='Resultado da inspeção'!$W$3,0%,Ranking!S8) -> 0.03 | AI8: =IF('Resultado da inspeção'!H8='Resultado da inspeção'!$W$3,0%,Ranking!T8) -> 0.03 | AJ8: =IF('Resultado da inspeção'!I8='Resultado da inspeção'!$W$3,0%,Ranking!U8) -> 0.1 | AK8: =IF('Resultado da inspeção'!J8='Resultado da inspeção'!$W$3,0%,Ranking!V8) -> 0.21 | AL8: =IF('Resultado da inspeção'!K8='Resultado da inspeção'!$W$3,0%,Ranking!W8) -> 0.05 | AM8: =IF('Resultado da inspeção'!L8='Resultado da inspeção'!$W$3,0%,Ranking!X8) -> 0.24 | AN8: =IF('Resultado da inspeção'!M8='Resultado da inspeção'!$W$3,0%,Ranking!Y8) -> 0.05 | ... AT8: =IF('Resultado da inspeção'!S8='Resultado da inspeção'!$W$3,0%,Ranking!AE8) -> 0.02 | AU8: =SUM(AG8:AT8) -> 1
B9: =IF('Resultado da inspeção'!F9='Resultado da inspeção'!$W$4,0%,Ranking!B$5) -> 0.02 | C9: =IF('Resultado da inspeção'!G9='Resultado da inspeção'!$W$4,0%,Ranking!C$5) -> 0.03 | D9: =IF('Resultado da inspeção'!H9='Resultado da inspeção'!$W$4,0%,Ranking!D$5) -> 0.03 | E9: =IF('Resultado da inspeção'!I9='Resultado da inspeção'!$W$4,0%,Ranking!E$5) -> 0.1 | F9: =IF('Resultado da inspeção'!J9='Resultado da inspeção'!$W$4,0%,Ranking!F$5) -> 0.21 | G9: =IF('Resultado da inspeção'!K9='Resultado da inspeção'!$W$4,0%,Ranking!G$5) -> 0.05 | H9: =IF('Resultado da inspeção'!L9='Resultado da inspeção'!$W$4,0%,Ranking!H$5) -> 0.24 | I9: =IF('Resultado da inspeção'!M9='Resultado da inspeção'!$W$4,0%,Ranking!I$5) -> 0.05 | ... O9: =IF('Resultado da inspeção'!S9='Resultado da inspeção'!$W$4,0%,Ranking!O$5) -> 0.02 | P9: =SUM(B9:O9) -> 1 | Q9: =100%-P9 -> 0 | R9: =B9/$P9 -> 0.02 | S9: =C9/$P9 -> 0.03 | T9: =D9/$P9 -> 0.03 | U9: =E9/$P9 -> 0.1 | V9: =F9/$P9 -> 0.21 | W9: =G9/$P9 -> 0.05 | X9: =H9/$P9 -> 0.24 | Y9: =I9/$P9 -> 0.05 | ... AE9: =O9/$P9 -> 0.02 | AF9: =SUM(R9:AE9) -> 1 | AG9: =IF('Resultado da inspeção'!F9='Resultado da inspeção'!$W$3,0%,Ranking!R9) -> 0.02 | AH9: =IF('Resultado da inspeção'!G9='Resultado da inspeção'!$W$3,0%,Ranking!S9) -> 0.03 | AI9: =IF('Resultado da inspeção'!H9='Resultado da inspeção'!$W$3,0%,Ranking!T9) -> 0.03 | AJ9: =IF('Resultado da inspeção'!I9='Resultado da inspeção'!$W$3,0%,Ranking!U9) -> 0.1 | AK9: =IF('Resultado da inspeção'!J9='Resultado da inspeção'!$W$3,0%,Ranking!V9) -> 0.21 | AL9: =IF('Resultado da inspeção'!K9='Resultado da inspeção'!$W$3,0%,Ranking!W9) -> 0.05 | AM9: =IF('Resultado da inspeção'!L9='Resultado da inspeção'!$W$3,0%,Ranking!X9) -> 0.24 | AN9: =IF('Resultado da inspeção'!M9='Resultado da inspeção'!$W$3,0%,Ranking!Y9) -> 0.05 | ... AT9: =IF('Resultado da inspeção'!S9='Resultado da inspeção'!$W$3,0%,Ranking!AE9) -> 0.02 | AU9: =SUM(AG9:AT9) -> 1
B10: =IF('Resultado da inspeção'!F10='Resultado da inspeção'!$W$4,0%,Ranking!B$5) -> 0.02 | C10: =IF('Resultado da inspeção'!G10='Resultado da inspeção'!$W$4,0%,Ranking!C$5) -> 0.03 | D10: =IF('Resultado da inspeção'!H10='Resultado da inspeção'!$W$4,0%,Ranking!D$5) -> 0.03 | E10: =IF('Resultado da inspeção'!I10='Resultado da inspeção'!$W$4,0%,Ranking!E$5) -> 0.1 | F10: =IF('Resultado da inspeção'!J10='Resultado da inspeção'!$W$4,0%,Ranking!F$5) -> 0.21 | G10: =IF('Resultado da inspeção'!K10='Resultado da inspeção'!$W$4,0%,Ranking!G$5) -> 0.05 | H10: =IF('Resultado da inspeção'!L10='Resultado da inspeção'!$W$4,0%,Ranking!H$5) -> 0.24 | I10: =IF('Resultado da inspeção'!M10='Resultado da inspeção'!$W$4,0%,Ranking!I$5) -> 0.05 | ... O10: =IF('Resultado da inspeção'!S10='Resultado da inspeção'!$W$4,0%,Ranking!O$5) -> 0.02 | P10: =SUM(B10:O10) -> 1 | Q10: =100%-P10 -> 0 | R10: =B10/$P10 -> 0.02 | S10: =C10/$P10 -> 0.03 | T10: =D10/$P10 -> 0.03 | U10: =E10/$P10 -> 0.1 | V10: =F10/$P10 -> 0.21 | W10: =G10/$P10 -> 0.05 | X10: =H10/$P10 -> 0.24 | Y10: =I10/$P10 -> 0.05 | ... AE10: =O10/$P10 -> 0.02 | AF10: =SUM(R10:AE10) -> 1 | AG10: =IF('Resultado da inspeção'!F10='Resultado da inspeção'!$W$3,0%,Ranking!R10) -> 0.02 | AH10: =IF('Resultado da inspeção'!G10='Resultado da inspeção'!$W$3,0%,Ranking!S10) -> 0.03 | AI10: =IF('Resultado da inspeção'!H10='Resultado da inspeção'!$W$3,0%,Ranking!T10) -> 0.03 | AJ10: =IF('Resultado da inspeção'!I10='Resultado da inspeção'!$W$3,0%,Ranking!U10) -> 0.1 | AK10: =IF('Resultado da inspeção'!J10='Resultado da inspeção'!$W$3,0%,Ranking!V10) -> 0.21 | AL10: =IF('Resultado da inspeção'!K10='Resultado da inspeção'!$W$3,0%,Ranking!W10) -> 0.05 | AM10: =IF('Resultado da inspeção'!L10='Resultado da inspeção'!$W$3,0%,Ranking!X10) -> 0.24 | AN10: =IF('Resultado da inspeção'!M10='Resultado da inspeção'!$W$3,0%,Ranking!Y10) -> 0.05 | ... AT10: =IF('Resultado da inspeção'!S10='Resultado da inspeção'!$W$3,0%,Ranking!AE10) -> 0.02 | AU10: =SUM(AG10:AT10) -> 1
B11: =IF('Resultado da inspeção'!F11='Resultado da inspeção'!$W$4,0%,Ranking!B$5) -> 0.02 | C11: =IF('Resultado da inspeção'!G11='Resultado da inspeção'!$W$4,0%,Ranking!C$5) -> 0.03 | D11: =IF('Resultado da inspeção'!H11='Resultado da inspeção'!$W$4,0%,Ranking!D$5) -> 0.03 | E11: =IF('Resultado da inspeção'!I11='Resultado da inspeção'!$W$4,0%,Ranking!E$5) -> 0.1 | F11: =IF('Resultado da inspeção'!J11='Resultado da inspeção'!$W$4,0%,Ranking!F$5) -> 0.21 | G11: =IF('Resultado da inspeção'!K11='Resultado da inspeção'!$W$4,0%,Ranking!G$5) -> 0.05 | H11: =IF('Resultado da inspeção'!L11='Resultado da inspeção'!$W$4,0%,Ranking!H$5) -> 0.24 | I11: =IF('Resultado da inspeção'!M11='Resultado da inspeção'!$W$4,0%,Ranking!I$5) -> 0.05 | ... O11: =IF('Resultado da inspeção'!S11='Resultado da inspeção'!$W$4,0%,Ranking!O$5) -> 0.02 | P11: =SUM(B11:O11) -> 1 | Q11: =100%-P11 -> 0 | R11: =B11/$P11 -> 0.02 | S11: =C11/$P11 -> 0.03 | T11: =D11/$P11 -> 0.03 | U11: =E11/$P11 -> 0.1 | V11: =F11/$P11 -> 0.21 | W11: =G11/$P11 -> 0.05 | X11: =H11/$P11 -> 0.24 | Y11: =I11/$P11 -> 0.05 | ... AE11: =O11/$P11 -> 0.02 | AF11: =SUM(R11:AE11) -> 1 | AG11: =IF('Resultado da inspeção'!F11='Resultado da inspeção'!$W$3,0%,Ranking!R11) -> 0.02 | AH11: =IF('Resultado da inspeção'!G11='Resultado da inspeção'!$W$3,0%,Ranking!S11) -> 0.03 | AI11: =IF('Resultado da inspeção'!H11='Resultado da inspeção'!$W$3,0%,Ranking!T11) -> 0.03 | AJ11: =IF('Resultado da inspeção'!I11='Resultado da inspeção'!$W$3,0%,Ranking!U11) -> 0.1 | AK11: =IF('Resultado da inspeção'!J11='Resultado da inspeção'!$W$3,0%,Ranking!V11) -> 0.21 | AL11: =IF('Resultado da inspeção'!K11='Resultado da inspeção'!$W$3,0%,Ranking!W11) -> 0.05 | AM11: =IF('Resultado da inspeção'!L11='Resultado da inspeção'!$W$3,0%,Ranking!X11) -> 0.24 | AN11: =IF('Resultado da inspeção'!M11='Resultado da inspeção'!$W$3,0%,Ranking!Y11) -> 0.05 | ... AT11: =IF('Resultado da inspeção'!S11='Resultado da inspeção'!$W$3,0%,Ranking!AE11) -> 0.02 | AU11: =SUM(AG11:AT11) -> 1
B12: =IF('Resultado da inspeção'!F12='Resultado da inspeção'!$W$4,0%,Ranking!B$5) -> 0.02 | C12: =IF('Resultado da inspeção'!G12='Resultado da inspeção'!$W$4,0%,Ranking!C$5) -> 0.03 | D12: =IF('Resultado da inspeção'!H12='Resultado da inspeção'!$W$4,0%,Ranking!D$5) -> 0.03 | E12: =IF('Resultado da inspeção'!I12='Resultado da inspeção'!$W$4,0%,Ranking!E$5) -> 0.1 | F12: =IF('Resultado da inspeção'!J12='Resultado da inspeção'!$W$4,0%,Ranking!F$5) -> 0.21 | G12: =IF('Resultado da inspeção'!K12='Resultado da inspeção'!$W$4,0%,Ranking!G$5) -> 0.05 | H12: =IF('Resultado da inspeção'!L12='Resultado da inspeção'!$W$4,0%,Ranking!H$5) -> 0.24 | I12: =IF('Resultado da inspeção'!M12='Resultado da inspeção'!$W$4,0%,Ranking!I$5) -> 0.05 | ... O12: =IF('Resultado da inspeção'!S12='Resultado da inspeção'!$W$4,0%,Ranking!O$5) -> 0.02 | P12: =SUM(B12:O12) -> 1 | Q12: =100%-P12 -> 0 | R12: =B12/$P12 -> 0.02 | S12: =C12/$P12 -> 0.03 | T12: =D12/$P12 -> 0.03 | U12: =E12/$P12 -> 0.1 | V12: =F12/$P12 -> 0.21 | W12: =G12/$P12 -> 0.05 | X12: =H12/$P12 -> 0.24 | Y12: =I12/$P12 -> 0.05 | ... AE12: =O12/$P12 -> 0.02 | AF12: =SUM(R12:AE12) -> 1 | AG12: =IF('Resultado da inspeção'!F12='Resultado da inspeção'!$W$3,0%,Ranking!R12) -> 0.02 | AH12: =IF('Resultado da inspeção'!G12='Resultado da inspeção'!$W$3,0%,Ranking!S12) -> 0.03 | AI12: =IF('Resultado da inspeção'!H12='Resultado da inspeção'!$W$3,0%,Ranking!T12) -> 0.03 | AJ12: =IF('Resultado da inspeção'!I12='Resultado da inspeção'!$W$3,0%,Ranking!U12) -> 0.1 | AK12: =IF('Resultado da inspeção'!J12='Resultado da inspeção'!$W$3,0%,Ranking!V12) -> 0.21 | AL12: =IF('Resultado da inspeção'!K12='Resultado da inspeção'!$W$3,0%,Ranking!W12) -> 0.05 | AM12: =IF('Resultado da inspeção'!L12='Resultado da inspeção'!$W$3,0%,Ranking!X12) -> 0.24 | AN12: =IF('Resultado da inspeção'!M12='Resultado da inspeção'!$W$3,0%,Ranking!Y12) -> 0.05 | ... AT12: =IF('Resultado da inspeção'!S12='Resultado da inspeção'!$W$3,0%,Ranking!AE12) -> 0.02 | AU12: =SUM(AG12:AT12) -> 1
B13: =IF('Resultado da inspeção'!F13='Resultado da inspeção'!$W$4,0%,Ranking!B$5) -> 0.02 | C13: =IF('Resultado da inspeção'!G13='Resultado da inspeção'!$W$4,0%,Ranking!C$5) -> 0.03 | D13: =IF('Resultado da inspeção'!H13='Resultado da inspeção'!$W$4,0%,Ranking!D$5) -> 0.03 | E13: =IF('Resultado da inspeção'!I13='Resultado da inspeção'!$W$4,0%,Ranking!E$5) -> 0.1 | F13: =IF('Resultado da inspeção'!J13='Resultado da inspeção'!$W$4,0%,Ranking!F$5) -> 0.21 | G13: =IF('Resultado da inspeção'!K13='Resultado da inspeção'!$W$4,0%,Ranking!G$5) -> 0.05 | H13: =IF('Resultado da inspeção'!L13='Resultado da inspeção'!$W$4,0%,Ranking!H$5) -> 0.24 | I13: =IF('Resultado da inspeção'!M13='Resultado da inspeção'!$W$4,0%,Ranking!I$5) -> 0.05 | ... O13: =IF('Resultado da inspeção'!S13='Resultado da inspeção'!$W$4,0%,Ranking!O$5) -> 0.02 | P13: =SUM(B13:O13) -> 1 | Q13: =100%-P13 -> 0 | R13: =B13/$P13 -> 0.02 | S13: =C13/$P13 -> 0.03 | T13: =D13/$P13 -> 0.03 | U13: =E13/$P13 -> 0.1 | V13: =F13/$P13 -> 0.21 | W13: =G13/$P13 -> 0.05 | X13: =H13/$P13 -> 0.24 | Y13: =I13/$P13 -> 0.05 | ... AE13: =O13/$P13 -> 0.02 | AF13: =SUM(R13:AE13) -> 1 | AG13: =IF('Resultado da inspeção'!F13='Resultado da inspeção'!$W$3,0%,Ranking!R13) -> 0.02 | AH13: =IF('Resultado da inspeção'!G13='Resultado da inspeção'!$W$3,0%,Ranking!S13) -> 0.03 | AI13: =IF('Resultado da inspeção'!H13='Resultado da inspeção'!$W$3,0%,Ranking!T13) -> 0.03 | AJ13: =IF('Resultado da inspeção'!I13='Resultado da inspeção'!$W$3,0%,Ranking!U13) -> 0.1 | AK13: =IF('Resultado da inspeção'!J13='Resultado da inspeção'!$W$3,0%,Ranking!V13) -> 0.21 | AL13: =IF('Resultado da inspeção'!K13='Resultado da inspeção'!$W$3,0%,Ranking!W13) -> 0.05 | AM13: =IF('Resultado da inspeção'!L13='Resultado da inspeção'!$W$3,0%,Ranking!X13) -> 0.24 | AN13: =IF('Resultado da inspeção'!M13='Resultado da inspeção'!$W$3,0%,Ranking!Y13) -> 0.05 | ... AT13: =IF('Resultado da inspeção'!S13='Resultado da inspeção'!$W$3,0%,Ranking!AE13) -> 0.02 | AU13: =SUM(AG13:AT13) -> 1
B14: =IF('Resultado da inspeção'!F14='Resultado da inspeção'!$W$4,0%,Ranking!B$5) -> 0.02 | C14: =IF('Resultado da inspeção'!G14='Resultado da inspeção'!$W$4,0%,Ranking!C$5) -> 0.03 | D14: =IF('Resultado da inspeção'!H14='Resultado da inspeção'!$W$4,0%,Ranking!D$5) -> 0.03 | E14: =IF('Resultado da inspeção'!I14='Resultado da inspeção'!$W$4,0%,Ranking!E$5) -> 0.1 | F14: =IF('Resultado da inspeção'!J14='Resultado da inspeção'!$W$4,0%,Ranking!F$5) -> 0.21 | G14: =IF('Resultado da inspeção'!K14='Resultado da inspeção'!$W$4,0%,Ranking!G$5) -> 0.05 | H14: =IF('Resultado da inspeção'!L14='Resultado da inspeção'!$W$4,0%,Ranking!H$5) -> 0.24 | I14: =IF('Resultado da inspeção'!M14='Resultado da inspeção'!$W$4,0%,Ranking!I$5) -> 0.05 | ... O14: =IF('Resultado da inspeção'!S14='Resultado da inspeção'!$W$4,0%,Ranking!O$5) -> 0.02 | P14: =SUM(B14:O14) -> 1 | Q14: =100%-P14 -> 0 | R14: =B14/$P14 -> 0.02 | S14: =C14/$P14 -> 0.03 | T14: =D14/$P14 -> 0.03 | U14: =E14/$P14 -> 0.1 | V14: =F14/$P14 -> 0.21 | W14: =G14/$P14 -> 0.05 | X14: =H14/$P14 -> 0.24 | Y14: =I14/$P14 -> 0.05 | ... AE14: =O14/$P14 -> 0.02 | AF14: =SUM(R14:AE14) -> 1 | AG14: =IF('Resultado da inspeção'!F14='Resultado da inspeção'!$W$3,0%,Ranking!R14) -> 0.02 | AH14: =IF('Resultado da inspeção'!G14='Resultado da inspeção'!$W$3,0%,Ranking!S14) -> 0.03 | AI14: =IF('Resultado da inspeção'!H14='Resultado da inspeção'!$W$3,0%,Ranking!T14) -> 0.03 | AJ14: =IF('Resultado da inspeção'!I14='Resultado da inspeção'!$W$3,0%,Ranking!U14) -> 0.1 | AK14: =IF('Resultado da inspeção'!J14='Resultado da inspeção'!$W$3,0%,Ranking!V14) -> 0.21 | AL14: =IF('Resultado da inspeção'!K14='Resultado da inspeção'!$W$3,0%,Ranking!W14) -> 0.05 | AM14: =IF('Resultado da inspeção'!L14='Resultado da inspeção'!$W$3,0%,Ranking!X14) -> 0.24 | AN14: =IF('Resultado da inspeção'!M14='Resultado da inspeção'!$W$3,0%,Ranking!Y14) -> 0.05 | ... AT14: =IF('Resultado da inspeção'!S14='Resultado da inspeção'!$W$3,0%,Ranking!AE14) -> 0.02 | AU14: =SUM(AG14:AT14) -> 1
B15: =IF('Resultado da inspeção'!F15='Resultado da inspeção'!$W$4,0%,Ranking!B$5) -> 0.02 | C15: =IF('Resultado da inspeção'!G15='Resultado da inspeção'!$W$4,0%,Ranking!C$5) -> 0.03 | D15: =IF('Resultado da inspeção'!H15='Resultado da inspeção'!$W$4,0%,Ranking!D$5) -> 0.03 | E15: =IF('Resultado da inspeção'!I15='Resultado da inspeção'!$W$4,0%,Ranking!E$5) -> 0.1 | F15: =IF('Resultado da inspeção'!J15='Resultado da inspeção'!$W$4,0%,Ranking!F$5) -> 0.21 | G15: =IF('Resultado da inspeção'!K15='Resultado da inspeção'!$W$4,0%,Ranking!G$5) -> 0.05 | H15: =IF('Resultado da inspeção'!L15='Resultado da inspeção'!$W$4,0%,Ranking!H$5) -> 0.24 | I15: =IF('Resultado da inspeção'!M15='Resultado da inspeção'!$W$4,0%,Ranking!I$5) -> 0.05 | ... O15: =IF('Resultado da inspeção'!S15='Resultado da inspeção'!$W$4,0%,Ranking!O$5) -> 0.02 | P15: =SUM(B15:O15) -> 1 | Q15: =100%-P15 -> 0 | R15: =B15/$P15 -> 0.02 | S15: =C15/$P15 -> 0.03 | T15: =D15/$P15 -> 0.03 | U15: =E15/$P15 -> 0.1 | V15: =F15/$P15 -> 0.21 | W15: =G15/$P15 -> 0.05 | X15: =H15/$P15 -> 0.24 | Y15: =I15/$P15 -> 0.05 | ... AE15: =O15/$P15 -> 0.02 | AF15: =SUM(R15:AE15) -> 1 | AG15: =IF('Resultado da inspeção'!F15='Resultado da inspeção'!$W$3,0%,Ranking!R15) -> 0.02 | AH15: =IF('Resultado da inspeção'!G15='Resultado da inspeção'!$W$3,0%,Ranking!S15) -> 0.03 | AI15: =IF('Resultado da inspeção'!H15='Resultado da inspeção'!$W$3,0%,Ranking!T15) -> 0.03 | AJ15: =IF('Resultado da inspeção'!I15='Resultado da inspeção'!$W$3,0%,Ranking!U15) -> 0.1 | AK15: =IF('Resultado da inspeção'!J15='Resultado da inspeção'!$W$3,0%,Ranking!V15) -> 0.21 | AL15: =IF('Resultado da inspeção'!K15='Resultado da inspeção'!$W$3,0%,Ranking!W15) -> 0.05 | AM15: =IF('Resultado da inspeção'!L15='Resultado da inspeção'!$W$3,0%,Ranking!X15) -> 0.24 | AN15: =IF('Resultado da inspeção'!M15='Resultado da inspeção'!$W$3,0%,Ranking!Y15) -> 0.05 | ... AT15: =IF('Resultado da inspeção'!S15='Resultado da inspeção'!$W$3,0%,Ranking!AE15) -> 0.02 | AU15: =SUM(AG15:AT15) -> 1
B16: =IF('Resultado da inspeção'!F16='Resultado da inspeção'!$W$4,0%,Ranking!B$5) -> 0.02 | C16: =IF('Resultado da inspeção'!G16='Resultado da inspeção'!$W$4,0%,Ranking!C$5) -> 0.03 | D16: =IF('Resultado da inspeção'!H16='Resultado da inspeção'!$W$4,0%,Ranking!D$5) -> 0.03 | E16: =IF('Resultado da inspeção'!I16='Resultado da inspeção'!$W$4,0%,Ranking!E$5) -> 0.1 | F16: =IF('Resultado da inspeção'!J16='Resultado da inspeção'!$W$4,0%,Ranking!F$5) -> 0.21 | G16: =IF('Resultado da inspeção'!K16='Resultado da inspeção'!$W$4,0%,Ranking!G$5) -> 0.05 | H16: =IF('Resultado da inspeção'!L16='Resultado da inspeção'!$W$4,0%,Ranking!H$5) -> 0.24 | I16: =IF('Resultado da inspeção'!M16='Resultado da inspeção'!$W$4,0%,Ranking!I$5) -> 0.05 | ... O16: =IF('Resultado da inspeção'!S16='Resultado da inspeção'!$W$4,0%,Ranking!O$5) -> 0.02 | P16: =SUM(B16:O16) -> 1 | Q16: =100%-P16 -> 0 | R16: =B16/$P16 -> 0.02 | S16: =C16/$P16 -> 0.03 | T16: =D16/$P16 -> 0.03 | U16: =E16/$P16 -> 0.1 | V16: =F16/$P16 -> 0.21 | W16: =G16/$P16 -> 0.05 | X16: =H16/$P16 -> 0.24 | Y16: =I16/$P16 -> 0.05 | ... AE16: =O16/$P16 -> 0.02 | AF16: =SUM(R16:AE16) -> 1 | AG16: =IF('Resultado da inspeção'!F16='Resultado da inspeção'!$W$3,0%,Ranking!R16) -> 0.02 | AH16: =IF('Resultado da inspeção'!G16='Resultado da inspeção'!$W$3,0%,Ranking!S16) -> 0.03 | AI16: =IF('Resultado da inspeção'!H16='Resultado da inspeção'!$W$3,0%,Ranking!T16) -> 0.03 | AJ16: =IF('Resultado da inspeção'!I16='Resultado da inspeção'!$W$3,0%,Ranking!U16) -> 0.1 | AK16: =IF('Resultado da inspeção'!J16='Resultado da inspeção'!$W$3,0%,Ranking!V16) -> 0.21 | AL16: =IF('Resultado da inspeção'!K16='Resultado da inspeção'!$W$3,0%,Ranking!W16) -> 0.05 | AM16: =IF('Resultado da inspeção'!L16='Resultado da inspeção'!$W$3,0%,Ranking!X16) -> 0.24 | AN16: =IF('Resultado da inspeção'!M16='Resultado da inspeção'!$W$3,0%,Ranking!Y16) -> 0.05 | ... AT16: =IF('Resultado da inspeção'!S16='Resultado da inspeção'!$W$3,0%,Ranking!AE16) -> 0.02 | AU16: =SUM(AG16:AT16) -> 1
B17: =IF('Resultado da inspeção'!F17='Resultado da inspeção'!$W$4,0%,Ranking!B$5) -> 0.02 | C17: =IF('Resultado da inspeção'!G17='Resultado da inspeção'!$W$4,0%,Ranking!C$5) -> 0.03 | D17: =IF('Resultado da inspeção'!H17='Resultado da inspeção'!$W$4,0%,Ranking!D$5) -> 0.03 | E17: =IF('Resultado da inspeção'!I17='Resultado da inspeção'!$W$4,0%,Ranking!E$5) -> 0.1 | F17: =IF('Resultado da inspeção'!J17='Resultado da inspeção'!$W$4,0%,Ranking!F$5) -> 0.21 | G17: =IF('Resultado da inspeção'!K17='Resultado da inspeção'!$W$4,0%,Ranking!G$5) -> 0.05 | H17: =IF('Resultado da inspeção'!L17='Resultado da inspeção'!$W$4,0%,Ranking!H$5) -> 0.24 | I17: =IF('Resultado da inspeção'!M17='Resultado da inspeção'!$W$4,0%,Ranking!I$5) -> 0.05 | ... O17: =IF('Resultado da inspeção'!S17='Resultado da inspeção'!$W$4,0%,Ranking!O$5) -> 0.02 | P17: =SUM(B17:O17) -> 1 | Q17: =100%-P17 -> 0 | R17: =B17/$P17 -> 0.02 | S17: =C17/$P17 -> 0.03 | T17: =D17/$P17 -> 0.03 | U17: =E17/$P17 -> 0.1 | V17: =F17/$P17 -> 0.21 | W17: =G17/$P17 -> 0.05 | X17: =H17/$P17 -> 0.24 | Y17: =I17/$P17 -> 0.05 | ... AE17: =O17/$P17 -> 0.02 | AF17: =SUM(R17:AE17) -> 1 | AG17: =IF('Resultado da inspeção'!F17='Resultado da inspeção'!$W$3,0%,Ranking!R17) -> 0.02 | AH17: =IF('Resultado da inspeção'!G17='Resultado da inspeção'!$W$3,0%,Ranking!S17) -> 0.03 | AI17: =IF('Resultado da inspeção'!H17='Resultado da inspeção'!$W$3,0%,Ranking!T17) -> 0.03 | AJ17: =IF('Resultado da inspeção'!I17='Resultado da inspeção'!$W$3,0%,Ranking!U17) -> 0.1 | AK17: =IF('Resultado da inspeção'!J17='Resultado da inspeção'!$W$3,0%,Ranking!V17) -> 0.21 | AL17: =IF('Resultado da inspeção'!K17='Resultado da inspeção'!$W$3,0%,Ranking!W17) -> 0.05 | AM17: =IF('Resultado da inspeção'!L17='Resultado da inspeção'!$W$3,0%,Ranking!X17) -> 0.24 | AN17: =IF('Resultado da inspeção'!M17='Resultado da inspeção'!$W$3,0%,Ranking!Y17) -> 0.05 | ... AT17: =IF('Resultado da inspeção'!S17='Resultado da inspeção'!$W$3,0%,Ranking!AE17) -> 0.02 | AU17: =SUM(AG17:AT17) -> 1
... B348: =IF('Resultado da inspeção'!F348='Resultado da inspeção'!$W$4,0%,Ranking!B$5) -> 0.02 | C348: =IF('Resultado da inspeção'!G348='Resultado da inspeção'!$W$4,0%,Ranking!C$5) -> 0.03 | D348: =IF('Resultado da inspeção'!H348='Resultado da inspeção'!$W$4,0%,Ranking!D$5) -> 0.03 | E348: =IF('Resultado da inspeção'!I348='Resultado da inspeção'!$W$4,0%,Ranking!E$5) -> 0.1 | F348: =IF('Resultado da inspeção'!J348='Resultado da inspeção'!$W$4,0%,Ranking!F$5) -> 0.21 | G348: =IF('Resultado da inspeção'!K348='Resultado da inspeção'!$W$4,0%,Ranking!G$5) -> 0.05 | H348: =IF('Resultado da inspeção'!L348='Resultado da inspeção'!$W$4,0%,Ranking!H$5) -> 0.24 | I348: =IF('Resultado da inspeção'!M348='Resultado da inspeção'!$W$4,0%,Ranking!I$5) -> 0.05 | ... O348: =IF('Resultado da inspeção'!S348='Resultado da inspeção'!$W$4,0%,Ranking!O$5) -> 0.02 | P348: =SUM(B348:O348) -> 1 | Q348: =100%-P348 -> 0 | R348: =B348/$P348 -> 0.02 | S348: =C348/$P348 -> 0.03 | T348: =D348/$P348 -> 0.03 | U348: =E348/$P348 -> 0.1 | V348: =F348/$P348 -> 0.21 | W348: =G348/$P348 -> 0.05 | X348: =H348/$P348 -> 0.24 | Y348: =I348/$P348 -> 0.05 | ... AE348: =O348/$P348 -> 0.02 | AF348: =SUM(R348:AE348) -> 1 | AG348: =IF('Resultado da inspeção'!F348='Resultado da inspeção'!$W$3,0%,Ranking!R348) -> 0.02 | AH348: =IF('Resultado da inspeção'!G348='Resultado da inspeção'!$W$3,0%,Ranking!S348) -> 0.03 | AI348: =IF('Resultado da inspeção'!H348='Resultado da inspeção'!$W$3,0%,Ranking!T348) -> 0.03 | AJ348: =IF('Resultado da inspeção'!I348='Resultado da inspeção'!$W$3,0%,Ranking!U348) -> 0.1 | AK348: =IF('Resultado da inspeção'!J348='Resultado da inspeção'!$W$3,0%,Ranking!V348) -> 0.21 | AL348: =IF('Resultado da inspeção'!K348='Resultado da inspeção'!$W$3,0%,Ranking!W348) -> 0.05 | AM348: =IF('Resultado da inspeção'!L348='Resultado da inspeção'!$W$3,0%,Ranking!X348) -> 0.24 | AN348: =IF('Resultado da inspeção'!M348='Resultado da inspeção'!$W$3,0%,Ranking!Y348) -> 0.05 | ... AT348: =IF('Resultado da inspeção'!S348='Resultado da inspeção'!$W$3,0%,Ranking!AE348) -> 0.02 | AU348: =SUM(AG348:AT348) -> 1
